[{"model": "tournament.team", "pk": 1, "fields": {"country": "LIG"}}, {"model": "tournament.team", "pk": 2, "fields": {"country": "QPF"}}, {"model": "tournament.team", "pk": 3, "fields": {"country": "ATA"}}, {"model": "tournament.team", "pk": 4, "fields": {"country": "RRN"}}, {"model": "tournament.team", "pk": 5, "fields": {"country": "GYU"}}, {"model": "tournament.team", "pk": 6, "fields": {"country": "FFC"}}, {"model": "tournament.team", "pk": 7, "fields": {"country": "XPI"}}, {"model": "tournament.team", "pk": 8, "fields": {"country": "PKP"}}, {"model": "tournament.team", "pk": 9, "fields": {"country": "ALR"}}, {"model": "tournament.team", "pk": 10, "fields": {"country": "XME"}}, {"model": "tournament.team", "pk": 11, "fields": {"country": "Team 1"}}, {"model": "tournament.team", "pk": 12, "fields": {"country": "Team 2"}}, {"model": "tournament.team", "pk": 13, "fields": {"country": "Team 3"}}, {"model": "tournament.team", "pk": 14, "fields": {"country": "Team 4"}}, {"model": "tournament.team", "pk": 15, "fields": {"country": "Team 5"}}, {"model": "tournament.team", "pk": 16, "fields": {"country": "Team 6"}}, {"model": "tournament.team", "pk": 17, "fields": {"country": "Team 7"}}, {"model": "tournament.team", "pk": 18, "fields": {"country": "Team 8"}}, {"model": "tournament.team", "pk": 19, "fields": {"country": "Team 9"}}, {"model": "tournament.team", "pk": 20, "fields": {"country": "Team 10"}}, {"model": "tournament.team", "pk": 21, "fields": {"country": "Country 1"}}, {"model": "tournament.team", "pk": 22, "fields": {"country": "Country 2"}}, {"model": "tournament.team", "pk": 23, "fields": {"country": "Country 3"}}, {"model": "tournament.team", "pk": 24, "fields": {"country": "Country 4"}}, {"model": "tournament.team", "pk": 25, "fields": {"country": "Country 5"}}, {"model": "tournament.team", "pk": 26, "fields": {"country": "Country 6"}}, {"model": "tournament.team", "pk": 27, "fields": {"country": "Country 7"}}, {"model": "tournament.team", "pk": 28, "fields": {"country": "Country 8"}}, {"model": "tournament.team", "pk": 29, "fields": {"country": "Country 9"}}, {"model": "tournament.team", "pk": 30, "fields": {"country": "Country 10"}}, {"model": "tournament.match", "pk": 1, "fields": {"date": "2023-11-01"}}, {"model": "tournament.match", "pk": 2, "fields": {"date": "2023-11-01"}}, {"model": "tournament.match", "pk": 3, "fields": {"date": "2023-11-01"}}, {"model": "tournament.match", "pk": 4, "fields": {"date": "2023-11-01"}}, {"model": "tournament.match", "pk": 5, "fields": {"date": "2023-11-01"}}, {"model": "tournament.match", "pk": 6, "fields": {"date": "2023-11-01"}}, {"model": "tournament.match", "pk": 7, "fields": {"date": "2023-11-01"}}, {"model": "tournament.match", "pk": 8, "fields": {"date": "2023-11-01"}}, {"model": "tournament.match", "pk": 9, "fields": {"date": "2023-11-01"}}, {"model": "tournament.match", "pk": 10, "fields": {"date": "2023-11-01"}}, {"model": "tournament.match", "pk": 11, "fields": {"date": "2023-11-01"}}, {"model": "tournament.match", "pk": 12, "fields": {"date": "2023-11-01"}}, {"model": "tournament.match", "pk": 13, "fields": {"date": "2023-11-01"}}, {"model": "tournament.match", "pk": 14, "fields": {"date": "2023-11-01"}}, {"model": "tournament.match", "pk": 15, "fields": {"date": "2023-11-01"}}, {"model": "tournament.match", "pk": 16, "fields": {"date": "2023-11-01"}}, {"model": "tournament.match", "pk": 17, "fields": {"date": "2023-11-01"}}, {"model": "tournament.match", "pk": 18, "fields": {"date": "2023-11-01"}}, {"model": "tournament.match", "pk": 19, "fields": {"date": "2023-11-01"}}, {"model": "tournament.match", "pk": 20, "fields": {"date": "2023-11-01"}}, {"model": "tournament.match", "pk": 21, "fields": {"date": "2023-11-01"}}, {"model": "tournament.match", "pk": 22, "fields": {"date": "2023-11-01"}}, {"model": "tournament.match", "pk": 23, "fields": {"date": "2023-11-01"}}, {"model": "tournament.match", "pk": 24, "fields": {"date": "2023-11-01"}}, {"model": "tournament.match", "pk": 25, "fields": {"date": "2023-11-01"}}, {"model": "tournament.match", "pk": 26, "fields": {"date": "2023-11-01"}}, {"model": "tournament.match", "pk": 27, "fields": {"date": "2023-11-01"}}, {"model": "tournament.match", "pk": 28, "fields": {"date": "2023-11-01"}}, {"model": "tournament.match", "pk": 29, "fields": {"date": "2023-11-01"}}, {"model": "tournament.match", "pk": 30, "fields": {"date": "2023-11-01"}}, {"model": "tournament.match", "pk": 31, "fields": {"date": "2023-11-01"}}, {"model": "tournament.match", "pk": 32, "fields": {"date": "2023-11-01"}}, {"model": "tournament.match", "pk": 33, "fields": {"date": "2023-11-01"}}, {"model": "tournament.match", "pk": 34, "fields": {"date": "2023-11-01"}}, {"model": "tournament.match", "pk": 35, "fields": {"date": "2023-11-01"}}, {"model": "tournament.match", "pk": 36, "fields": {"date": "2023-11-01"}}, {"model": "tournament.match", "pk": 37, "fields": {"date": "2023-11-01"}}, {"model": "tournament.match", "pk": 38, "fields": {"date": "2023-11-01"}}, {"model": "tournament.match", "pk": 39, "fields": {"date": "2023-11-01"}}, {"model": "tournament.match", "pk": 40, "fields": {"date": "2023-11-01"}}, {"model": "tournament.match", "pk": 41, "fields": {"date": "2023-11-01"}}, {"model": "tournament.match", "pk": 42, "fields": {"date": "2023-11-01"}}, {"model": "tournament.match", "pk": 43, "fields": {"date": "2023-11-01"}}, {"model": "tournament.match", "pk": 44, "fields": {"date": "2023-11-01"}}, {"model": "tournament.match", "pk": 45, "fields": {"date": "2023-11-01"}}, {"model": "tournament.match", "pk": 46, "fields": {"date": "2023-11-01"}}, {"model": "tournament.match", "pk": 47, "fields": {"date": "2023-11-02"}}, {"model": "tournament.match", "pk": 48, "fields": {"date": "2023-11-03"}}, {"model": "tournament.match", "pk": 49, "fields": {"date": "2023-11-04"}}, {"model": "tournament.match", "pk": 50, "fields": {"date": "2023-11-05"}}, {"model": "tournament.match", "pk": 51, "fields": {"date": "2023-11-06"}}, {"model": "tournament.match", "pk": 52, "fields": {"date": "2023-11-07"}}, {"model": "tournament.match", "pk": 53, "fields": {"date": "2023-11-08"}}, {"model": "tournament.match", "pk": 54, "fields": {"date": "2023-11-09"}}, {"model": "tournament.match", "pk": 55, "fields": {"date": "2023-11-10"}}, {"model": "tournament.match", "pk": 56, "fields": {"date": "2023-11-11"}}, {"model": "tournament.match", "pk": 57, "fields": {"date": "2023-11-12"}}, {"model": "tournament.match", "pk": 58, "fields": {"date": "2023-11-13"}}, {"model": "tournament.match", "pk": 59, "fields": {"date": "2023-11-14"}}, {"model": "tournament.match", "pk": 60, "fields": {"date": "2023-11-15"}}, {"model": "tournament.match", "pk": 61, "fields": {"date": "2023-11-16"}}, {"model": "tournament.match", "pk": 62, "fields": {"date": "2023-11-17"}}, {"model": "tournament.match", "pk": 63, "fields": {"date": "2023-11-18"}}, {"model": "tournament.match", "pk": 64, "fields": {"date": "2023-11-19"}}, {"model": "tournament.match", "pk": 65, "fields": {"date": "2023-11-20"}}, {"model": "tournament.match", "pk": 66, "fields": {"date": "2023-11-21"}}, {"model": "tournament.match", "pk": 67, "fields": {"date": "2023-11-22"}}, {"model": "tournament.match", "pk": 68, "fields": {"date": "2023-11-23"}}, {"model": "tournament.match", "pk": 69, "fields": {"date": "2023-11-24"}}, {"model": "tournament.match", "pk": 70, "fields": {"date": "2023-11-25"}}, {"model": "tournament.match", "pk": 71, "fields": {"date": "2023-11-26"}}, {"model": "tournament.match", "pk": 72, "fields": {"date": "2023-11-27"}}, {"model": "tournament.match", "pk": 73, "fields": {"date": "2023-11-28"}}, {"model": "tournament.match", "pk": 74, "fields": {"date": "2023-11-29"}}, {"model": "tournament.match", "pk": 75, "fields": {"date": "2023-11-30"}}, {"model": "tournament.match", "pk": 76, "fields": {"date": "2023-11-01"}}, {"model": "tournament.match", "pk": 77, "fields": {"date": "2023-11-02"}}, {"model": "tournament.match", "pk": 78, "fields": {"date": "2023-11-03"}}, {"model": "tournament.match", "pk": 79, "fields": {"date": "2023-11-04"}}, {"model": "tournament.match", "pk": 80, "fields": {"date": "2023-11-05"}}, {"model": "tournament.match", "pk": 81, "fields": {"date": "2023-11-06"}}, {"model": "tournament.match", "pk": 82, "fields": {"date": "2023-11-07"}}, {"model": "tournament.match", "pk": 83, "fields": {"date": "2023-11-08"}}, {"model": "tournament.match", "pk": 84, "fields": {"date": "2023-11-09"}}, {"model": "tournament.match", "pk": 85, "fields": {"date": "2023-11-10"}}, {"model": "tournament.match", "pk": 86, "fields": {"date": "2023-11-11"}}, {"model": "tournament.match", "pk": 87, "fields": {"date": "2023-11-12"}}, {"model": "tournament.match", "pk": 88, "fields": {"date": "2023-11-13"}}, {"model": "tournament.match", "pk": 89, "fields": {"date": "2023-11-14"}}, {"model": "tournament.match", "pk": 90, "fields": {"date": "2023-11-15"}}, {"model": "tournament.match", "pk": 91, "fields": {"date": "2023-11-16"}}, {"model": "tournament.match", "pk": 92, "fields": {"date": "2023-11-17"}}, {"model": "tournament.match", "pk": 93, "fields": {"date": "2023-11-18"}}, {"model": "tournament.match", "pk": 94, "fields": {"date": "2023-11-19"}}, {"model": "tournament.match", "pk": 95, "fields": {"date": "2023-11-20"}}, {"model": "tournament.match", "pk": 96, "fields": {"date": "2023-11-21"}}, {"model": "tournament.match", "pk": 97, "fields": {"date": "2023-11-22"}}, {"model": "tournament.match", "pk": 98, "fields": {"date": "2023-11-23"}}, {"model": "tournament.match", "pk": 99, "fields": {"date": "2023-11-24"}}, {"model": "tournament.match", "pk": 100, "fields": {"date": "2023-11-25"}}, {"model": "tournament.match", "pk": 101, "fields": {"date": "2023-11-26"}}, {"model": "tournament.match", "pk": 102, "fields": {"date": "2023-11-27"}}, {"model": "tournament.match", "pk": 103, "fields": {"date": "2023-11-28"}}, {"model": "tournament.match", "pk": 104, "fields": {"date": "2023-11-29"}}, {"model": "tournament.match", "pk": 105, "fields": {"date": "2023-11-30"}}, {"model": "tournament.match", "pk": 106, "fields": {"date": "2023-12-01"}}, {"model": "tournament.match", "pk": 107, "fields": {"date": "2023-12-02"}}, {"model": "tournament.match", "pk": 108, "fields": {"date": "2023-12-03"}}, {"model": "tournament.match", "pk": 109, "fields": {"date": "2023-12-04"}}, {"model": "tournament.match", "pk": 110, "fields": {"date": "2023-12-05"}}, {"model": "tournament.match", "pk": 111, "fields": {"date": "2023-12-06"}}, {"model": "tournament.match", "pk": 112, "fields": {"date": "2023-12-07"}}, {"model": "tournament.match", "pk": 113, "fields": {"date": "2023-12-08"}}, {"model": "tournament.match", "pk": 114, "fields": {"date": "2023-12-09"}}, {"model": "tournament.match", "pk": 115, "fields": {"date": "2023-12-10"}}, {"model": "tournament.teammatch", "pk": 1, "fields": {"team": 30, "match": 88, "batting_score": 186, "batting_wickets": 4, "batting_overs": 46}}, {"model": "tournament.teammatch", "pk": 2, "fields": {"team": 30, "match": 93, "batting_score": 168, "batting_wickets": 5, "batting_overs": 41}}, {"model": "tournament.teammatch", "pk": 3, "fields": {"team": 22, "match": 78, "batting_score": 121, "batting_wickets": 1, "batting_overs": 20}}, {"model": "tournament.teammatch", "pk": 4, "fields": {"team": 27, "match": 115, "batting_score": 243, "batting_wickets": 0, "batting_overs": 31}}, {"model": "tournament.teammatch", "pk": 5, "fields": {"team": 29, "match": 79, "batting_score": 109, "batting_wickets": 8, "batting_overs": 35}}, {"model": "tournament.teammatch", "pk": 6, "fields": {"team": 21, "match": 112, "batting_score": 159, "batting_wickets": 0, "batting_overs": 13}}, {"model": "tournament.teammatch", "pk": 7, "fields": {"team": 25, "match": 104, "batting_score": 228, "batting_wickets": 4, "batting_overs": 12}}, {"model": "tournament.teammatch", "pk": 8, "fields": {"team": 24, "match": 83, "batting_score": 106, "batting_wickets": 6, "batting_overs": 32}}, {"model": "tournament.teammatch", "pk": 9, "fields": {"team": 23, "match": 81, "batting_score": 255, "batting_wickets": 3, "batting_overs": 32}}, {"model": "tournament.teammatch", "pk": 10, "fields": {"team": 23, "match": 109, "batting_score": 169, "batting_wickets": 6, "batting_overs": 33}}, {"model": "tournament.teammatch", "pk": 11, "fields": {"team": 28, "match": 87, "batting_score": 190, "batting_wickets": 1, "batting_overs": 11}}, {"model": "tournament.teammatch", "pk": 12, "fields": {"team": 24, "match": 97, "batting_score": 264, "batting_wickets": 7, "batting_overs": 10}}, {"model": "tournament.teammatch", "pk": 13, "fields": {"team": 25, "match": 109, "batting_score": 214, "batting_wickets": 5, "batting_overs": 40}}, {"model": "tournament.teammatch", "pk": 14, "fields": {"team": 21, "match": 81, "batting_score": 195, "batting_wickets": 0, "batting_overs": 15}}, {"model": "tournament.teammatch", "pk": 15, "fields": {"team": 30, "match": 78, "batting_score": 107, "batting_wickets": 6, "batting_overs": 29}}, {"model": "tournament.teammatch", "pk": 16, "fields": {"team": 30, "match": 109, "batting_score": 259, "batting_wickets": 8, "batting_overs": 15}}, {"model": "tournament.teammatch", "pk": 17, "fields": {"team": 28, "match": 98, "batting_score": 226, "batting_wickets": 8, "batting_overs": 36}}, {"model": "tournament.teammatch", "pk": 18, "fields": {"team": 29, "match": 111, "batting_score": 122, "batting_wickets": 9, "batting_overs": 16}}, {"model": "tournament.teammatch", "pk": 19, "fields": {"team": 24, "match": 76, "batting_score": 218, "batting_wickets": 8, "batting_overs": 16}}, {"model": "tournament.teammatch", "pk": 20, "fields": {"team": 25, "match": 100, "batting_score": 262, "batting_wickets": 4, "batting_overs": 26}}, {"model": "tournament.teammatch", "pk": 21, "fields": {"team": 24, "match": 101, "batting_score": 118, "batting_wickets": 4, "batting_overs": 19}}, {"model": "tournament.teammatch", "pk": 22, "fields": {"team": 30, "match": 86, "batting_score": 216, "batting_wickets": 4, "batting_overs": 19}}, {"model": "tournament.teammatch", "pk": 23, "fields": {"team": 23, "match": 87, "batting_score": 180, "batting_wickets": 3, "batting_overs": 19}}, {"model": "tournament.teammatch", "pk": 24, "fields": {"team": 21, "match": 85, "batting_score": 121, "batting_wickets": 8, "batting_overs": 19}}, {"model": "tournament.teammatch", "pk": 25, "fields": {"team": 21, "match": 115, "batting_score": 269, "batting_wickets": 3, "batting_overs": 14}}, {"model": "tournament.teammatch", "pk": 26, "fields": {"team": 21, "match": 88, "batting_score": 192, "batting_wickets": 4, "batting_overs": 41}}, {"model": "tournament.teammatch", "pk": 27, "fields": {"team": 29, "match": 88, "batting_score": 278, "batting_wickets": 10, "batting_overs": 34}}, {"model": "tournament.teammatch", "pk": 28, "fields": {"team": 23, "match": 78, "batting_score": 100, "batting_wickets": 6, "batting_overs": 43}}, {"model": "tournament.teammatch", "pk": 29, "fields": {"team": 24, "match": 89, "batting_score": 207, "batting_wickets": 7, "batting_overs": 13}}, {"model": "tournament.teammatch", "pk": 30, "fields": {"team": 29, "match": 111, "batting_score": 148, "batting_wickets": 5, "batting_overs": 39}}, {"model": "tournament.teammatch", "pk": 31, "fields": {"team": 25, "match": 99, "batting_score": 208, "batting_wickets": 5, "batting_overs": 21}}, {"model": "tournament.teammatch", "pk": 32, "fields": {"team": 28, "match": 112, "batting_score": 242, "batting_wickets": 4, "batting_overs": 33}}, {"model": "tournament.teammatch", "pk": 33, "fields": {"team": 28, "match": 107, "batting_score": 106, "batting_wickets": 4, "batting_overs": 48}}, {"model": "tournament.teammatch", "pk": 34, "fields": {"team": 23, "match": 76, "batting_score": 111, "batting_wickets": 1, "batting_overs": 40}}, {"model": "tournament.teammatch", "pk": 35, "fields": {"team": 26, "match": 88, "batting_score": 263, "batting_wickets": 3, "batting_overs": 47}}, {"model": "tournament.teammatch", "pk": 36, "fields": {"team": 26, "match": 83, "batting_score": 135, "batting_wickets": 1, "batting_overs": 28}}, {"model": "tournament.teammatch", "pk": 37, "fields": {"team": 23, "match": 85, "batting_score": 197, "batting_wickets": 10, "batting_overs": 25}}, {"model": "tournament.teammatch", "pk": 38, "fields": {"team": 28, "match": 103, "batting_score": 196, "batting_wickets": 3, "batting_overs": 38}}, {"model": "tournament.teammatch", "pk": 39, "fields": {"team": 26, "match": 113, "batting_score": 139, "batting_wickets": 10, "batting_overs": 29}}, {"model": "tournament.teammatch", "pk": 40, "fields": {"team": 23, "match": 99, "batting_score": 236, "batting_wickets": 7, "batting_overs": 23}}, {"model": "tournament.teammatch", "pk": 41, "fields": {"team": 25, "match": 84, "batting_score": 177, "batting_wickets": 4, "batting_overs": 26}}, {"model": "tournament.teammatch", "pk": 42, "fields": {"team": 29, "match": 80, "batting_score": 267, "batting_wickets": 5, "batting_overs": 49}}, {"model": "tournament.teammatch", "pk": 43, "fields": {"team": 27, "match": 86, "batting_score": 157, "batting_wickets": 5, "batting_overs": 43}}, {"model": "tournament.teammatch", "pk": 44, "fields": {"team": 21, "match": 112, "batting_score": 199, "batting_wickets": 8, "batting_overs": 33}}, {"model": "tournament.teammatch", "pk": 45, "fields": {"team": 28, "match": 112, "batting_score": 256, "batting_wickets": 4, "batting_overs": 46}}, {"model": "tournament.teammatch", "pk": 46, "fields": {"team": 24, "match": 95, "batting_score": 128, "batting_wickets": 0, "batting_overs": 19}}, {"model": "tournament.teammatch", "pk": 47, "fields": {"team": 24, "match": 97, "batting_score": 269, "batting_wickets": 0, "batting_overs": 15}}, {"model": "tournament.teammatch", "pk": 48, "fields": {"team": 24, "match": 101, "batting_score": 250, "batting_wickets": 8, "batting_overs": 23}}, {"model": "tournament.teammatch", "pk": 49, "fields": {"team": 23, "match": 84, "batting_score": 155, "batting_wickets": 0, "batting_overs": 22}}, {"model": "tournament.teammatch", "pk": 50, "fields": {"team": 30, "match": 109, "batting_score": 102, "batting_wickets": 4, "batting_overs": 23}}, {"model": "tournament.teammatch", "pk": 51, "fields": {"team": 27, "match": 90, "batting_score": 189, "batting_wickets": 3, "batting_overs": 31}}, {"model": "tournament.teammatch", "pk": 52, "fields": {"team": 29, "match": 89, "batting_score": 194, "batting_wickets": 8, "batting_overs": 25}}, {"model": "tournament.teammatch", "pk": 53, "fields": {"team": 23, "match": 101, "batting_score": 254, "batting_wickets": 10, "batting_overs": 20}}, {"model": "tournament.teammatch", "pk": 54, "fields": {"team": 28, "match": 102, "batting_score": 147, "batting_wickets": 0, "batting_overs": 18}}, {"model": "tournament.teammatch", "pk": 55, "fields": {"team": 28, "match": 91, "batting_score": 265, "batting_wickets": 6, "batting_overs": 36}}, {"model": "tournament.teammatch", "pk": 56, "fields": {"team": 24, "match": 79, "batting_score": 122, "batting_wickets": 2, "batting_overs": 37}}, {"model": "tournament.teammatch", "pk": 57, "fields": {"team": 27, "match": 97, "batting_score": 121, "batting_wickets": 7, "batting_overs": 15}}, {"model": "tournament.teammatch", "pk": 58, "fields": {"team": 26, "match": 94, "batting_score": 116, "batting_wickets": 8, "batting_overs": 41}}, {"model": "tournament.teammatch", "pk": 59, "fields": {"team": 28, "match": 94, "batting_score": 213, "batting_wickets": 3, "batting_overs": 45}}, {"model": "tournament.teammatch", "pk": 60, "fields": {"team": 30, "match": 80, "batting_score": 152, "batting_wickets": 6, "batting_overs": 26}}, {"model": "tournament.teammatch", "pk": 61, "fields": {"team": 21, "match": 76, "batting_score": 284, "batting_wickets": 4, "batting_overs": 22}}, {"model": "tournament.teammatch", "pk": 62, "fields": {"team": 26, "match": 83, "batting_score": 266, "batting_wickets": 4, "batting_overs": 21}}, {"model": "tournament.teammatch", "pk": 63, "fields": {"team": 21, "match": 102, "batting_score": 213, "batting_wickets": 4, "batting_overs": 10}}, {"model": "tournament.teammatch", "pk": 64, "fields": {"team": 24, "match": 105, "batting_score": 110, "batting_wickets": 3, "batting_overs": 38}}, {"model": "tournament.teammatch", "pk": 65, "fields": {"team": 23, "match": 82, "batting_score": 109, "batting_wickets": 7, "batting_overs": 24}}, {"model": "tournament.teammatch", "pk": 66, "fields": {"team": 29, "match": 105, "batting_score": 180, "batting_wickets": 1, "batting_overs": 11}}, {"model": "tournament.teammatch", "pk": 67, "fields": {"team": 21, "match": 79, "batting_score": 291, "batting_wickets": 8, "batting_overs": 48}}, {"model": "tournament.teammatch", "pk": 68, "fields": {"team": 22, "match": 113, "batting_score": 252, "batting_wickets": 10, "batting_overs": 37}}, {"model": "tournament.teammatch", "pk": 69, "fields": {"team": 25, "match": 100, "batting_score": 222, "batting_wickets": 1, "batting_overs": 13}}, {"model": "tournament.teammatch", "pk": 70, "fields": {"team": 30, "match": 99, "batting_score": 282, "batting_wickets": 3, "batting_overs": 43}}, {"model": "tournament.teammatch", "pk": 71, "fields": {"team": 25, "match": 80, "batting_score": 104, "batting_wickets": 2, "batting_overs": 24}}, {"model": "tournament.teammatch", "pk": 72, "fields": {"team": 23, "match": 114, "batting_score": 264, "batting_wickets": 5, "batting_overs": 39}}, {"model": "tournament.teammatch", "pk": 73, "fields": {"team": 24, "match": 104, "batting_score": 241, "batting_wickets": 5, "batting_overs": 40}}, {"model": "tournament.teammatch", "pk": 74, "fields": {"team": 28, "match": 93, "batting_score": 171, "batting_wickets": 1, "batting_overs": 23}}, {"model": "tournament.teammatch", "pk": 75, "fields": {"team": 21, "match": 96, "batting_score": 201, "batting_wickets": 10, "batting_overs": 18}}, {"model": "tournament.teammatch", "pk": 76, "fields": {"team": 22, "match": 110, "batting_score": 256, "batting_wickets": 8, "batting_overs": 44}}, {"model": "tournament.teammatch", "pk": 77, "fields": {"team": 23, "match": 114, "batting_score": 108, "batting_wickets": 7, "batting_overs": 30}}, {"model": "tournament.teammatch", "pk": 78, "fields": {"team": 28, "match": 94, "batting_score": 265, "batting_wickets": 7, "batting_overs": 50}}, {"model": "tournament.teammatch", "pk": 79, "fields": {"team": 27, "match": 103, "batting_score": 212, "batting_wickets": 10, "batting_overs": 18}}, {"model": "tournament.teammatch", "pk": 80, "fields": {"team": 28, "match": 111, "batting_score": 228, "batting_wickets": 2, "batting_overs": 13}}, {"model": "tournament.teammatch", "pk": 81, "fields": {"team": 21, "match": 114, "batting_score": 222, "batting_wickets": 0, "batting_overs": 32}}, {"model": "tournament.teammatch", "pk": 82, "fields": {"team": 27, "match": 89, "batting_score": 107, "batting_wickets": 4, "batting_overs": 44}}, {"model": "tournament.teammatch", "pk": 83, "fields": {"team": 21, "match": 90, "batting_score": 253, "batting_wickets": 0, "batting_overs": 19}}, {"model": "tournament.teammatch", "pk": 84, "fields": {"team": 23, "match": 90, "batting_score": 162, "batting_wickets": 6, "batting_overs": 47}}, {"model": "tournament.teammatch", "pk": 85, "fields": {"team": 27, "match": 113, "batting_score": 192, "batting_wickets": 6, "batting_overs": 33}}, {"model": "tournament.teammatch", "pk": 86, "fields": {"team": 25, "match": 93, "batting_score": 195, "batting_wickets": 10, "batting_overs": 46}}, {"model": "tournament.teammatch", "pk": 87, "fields": {"team": 27, "match": 89, "batting_score": 136, "batting_wickets": 2, "batting_overs": 27}}, {"model": "tournament.teammatch", "pk": 88, "fields": {"team": 30, "match": 78, "batting_score": 274, "batting_wickets": 0, "batting_overs": 19}}, {"model": "tournament.teammatch", "pk": 89, "fields": {"team": 28, "match": 106, "batting_score": 192, "batting_wickets": 9, "batting_overs": 49}}, {"model": "tournament.teammatch", "pk": 90, "fields": {"team": 25, "match": 114, "batting_score": 129, "batting_wickets": 5, "batting_overs": 22}}, {"model": "tournament.teammatch", "pk": 91, "fields": {"team": 22, "match": 100, "batting_score": 188, "batting_wickets": 7, "batting_overs": 13}}, {"model": "tournament.teammatch", "pk": 92, "fields": {"team": 23, "match": 107, "batting_score": 281, "batting_wickets": 2, "batting_overs": 30}}, {"model": "tournament.teammatch", "pk": 93, "fields": {"team": 23, "match": 100, "batting_score": 214, "batting_wickets": 3, "batting_overs": 18}}, {"model": "tournament.teammatch", "pk": 94, "fields": {"team": 26, "match": 86, "batting_score": 122, "batting_wickets": 1, "batting_overs": 15}}, {"model": "tournament.teammatch", "pk": 95, "fields": {"team": 23, "match": 104, "batting_score": 218, "batting_wickets": 1, "batting_overs": 32}}, {"model": "tournament.teammatch", "pk": 96, "fields": {"team": 21, "match": 90, "batting_score": 102, "batting_wickets": 6, "batting_overs": 44}}, {"model": "tournament.teammatch", "pk": 97, "fields": {"team": 28, "match": 92, "batting_score": 172, "batting_wickets": 9, "batting_overs": 16}}, {"model": "tournament.teammatch", "pk": 98, "fields": {"team": 23, "match": 109, "batting_score": 107, "batting_wickets": 2, "batting_overs": 18}}, {"model": "tournament.teammatch", "pk": 99, "fields": {"team": 28, "match": 86, "batting_score": 117, "batting_wickets": 10, "batting_overs": 40}}, {"model": "tournament.teammatch", "pk": 100, "fields": {"team": 27, "match": 78, "batting_score": 170, "batting_wickets": 10, "batting_overs": 19}}]