[
{
  "model": "tournament.team",
  "pk": 1,
  "fields": {
    "country": "GW"
  }
},
{
  "model": "tournament.team",
  "pk": 2,
  "fields": {
    "country": "KE"
  }
},
{
  "model": "tournament.team",
  "pk": 3,
  "fields": {
    "country": "PT"
  }
},
{
  "model": "tournament.team",
  "pk": 4,
  "fields": {
    "country": "EE"
  }
},
{
  "model": "tournament.team",
  "pk": 5,
  "fields": {
    "country": "UA"
  }
},
{
  "model": "tournament.team",
  "pk": 6,
  "fields": {
    "country": "GQ"
  }
},
{
  "model": "tournament.team",
  "pk": 7,
  "fields": {
    "country": "BS"
  }
},
{
  "model": "tournament.team",
  "pk": 8,
  "fields": {
    "country": "ML"
  }
},
{
  "model": "tournament.team",
  "pk": 9,
  "fields": {
    "country": "BE"
  }
},
{
  "model": "tournament.team",
  "pk": 10,
  "fields": {
    "country": "AL"
  }
},
{
  "model": "tournament.team",
  "pk": 11,
  "fields": {
    "country": "CU"
  }
},
{
  "model": "tournament.team",
  "pk": 12,
  "fields": {
    "country": "AF"
  }
},
{
  "model": "tournament.team",
  "pk": 13,
  "fields": {
    "country": "BT"
  }
},
{
  "model": "tournament.team",
  "pk": 14,
  "fields": {
    "country": "UY"
  }
},
{
  "model": "tournament.team",
  "pk": 15,
  "fields": {
    "country": "CO"
  }
},
{
  "model": "tournament.team",
  "pk": 16,
  "fields": {
    "country": "FM"
  }
},
{
  "model": "tournament.team",
  "pk": 17,
  "fields": {
    "country": "AD"
  }
},
{
  "model": "tournament.team",
  "pk": 18,
  "fields": {
    "country": "AR"
  }
},
{
  "model": "tournament.team",
  "pk": 19,
  "fields": {
    "country": "MV"
  }
},
{
  "model": "tournament.team",
  "pk": 20,
  "fields": {
    "country": "JM"
  }
},
{
  "model": "tournament.team",
  "pk": 21,
  "fields": {
    "country": "PL"
  }
},
{
  "model": "tournament.team",
  "pk": 22,
  "fields": {
    "country": "JO"
  }
},
{
  "model": "tournament.team",
  "pk": 23,
  "fields": {
    "country": "BF"
  }
},
{
  "model": "tournament.team",
  "pk": 24,
  "fields": {
    "country": "SI"
  }
},
{
  "model": "tournament.team",
  "pk": 25,
  "fields": {
    "country": "ZM"
  }
},
{
  "model": "tournament.team",
  "pk": 26,
  "fields": {
    "country": "NA"
  }
},
{
  "model": "tournament.team",
  "pk": 27,
  "fields": {
    "country": "KZ"
  }
},
{
  "model": "tournament.team",
  "pk": 28,
  "fields": {
    "country": "MD"
  }
},
{
  "model": "tournament.team",
  "pk": 29,
  "fields": {
    "country": "CA"
  }
},
{
  "model": "tournament.team",
  "pk": 30,
  "fields": {
    "country": "CH"
  }
},
{
  "model": "tournament.match",
  "pk": 1,
  "fields": {
    "date": "2023-10-09"
  }
},
{
  "model": "tournament.match",
  "pk": 2,
  "fields": {
    "date": "2023-10-20"
  }
},
{
  "model": "tournament.match",
  "pk": 3,
  "fields": {
    "date": "2023-10-27"
  }
},
{
  "model": "tournament.match",
  "pk": 4,
  "fields": {
    "date": "2023-10-16"
  }
},
{
  "model": "tournament.match",
  "pk": 5,
  "fields": {
    "date": "2023-10-12"
  }
},
{
  "model": "tournament.match",
  "pk": 6,
  "fields": {
    "date": "2023-10-05"
  }
},
{
  "model": "tournament.match",
  "pk": 7,
  "fields": {
    "date": "2023-10-30"
  }
},
{
  "model": "tournament.match",
  "pk": 8,
  "fields": {
    "date": "2023-10-23"
  }
},
{
  "model": "tournament.match",
  "pk": 9,
  "fields": {
    "date": "2023-10-18"
  }
},
{
  "model": "tournament.match",
  "pk": 10,
  "fields": {
    "date": "2023-10-11"
  }
},
{
  "model": "tournament.match",
  "pk": 11,
  "fields": {
    "date": "2023-10-26"
  }
},
{
  "model": "tournament.match",
  "pk": 12,
  "fields": {
    "date": "2023-10-29"
  }
},
{
  "model": "tournament.match",
  "pk": 13,
  "fields": {
    "date": "2023-10-04"
  }
},
{
  "model": "tournament.match",
  "pk": 14,
  "fields": {
    "date": "2023-10-20"
  }
},
{
  "model": "tournament.match",
  "pk": 15,
  "fields": {
    "date": "2023-10-19"
  }
},
{
  "model": "tournament.match",
  "pk": 16,
  "fields": {
    "date": "2023-10-05"
  }
},
{
  "model": "tournament.match",
  "pk": 17,
  "fields": {
    "date": "2023-10-27"
  }
},
{
  "model": "tournament.match",
  "pk": 18,
  "fields": {
    "date": "2023-10-31"
  }
},
{
  "model": "tournament.match",
  "pk": 19,
  "fields": {
    "date": "2023-10-12"
  }
},
{
  "model": "tournament.match",
  "pk": 20,
  "fields": {
    "date": "2023-10-19"
  }
},
{
  "model": "tournament.match",
  "pk": 21,
  "fields": {
    "date": "2023-10-18"
  }
},
{
  "model": "tournament.match",
  "pk": 22,
  "fields": {
    "date": "2023-10-18"
  }
},
{
  "model": "tournament.match",
  "pk": 23,
  "fields": {
    "date": "2023-10-05"
  }
},
{
  "model": "tournament.match",
  "pk": 24,
  "fields": {
    "date": "2023-10-27"
  }
},
{
  "model": "tournament.match",
  "pk": 25,
  "fields": {
    "date": "2023-10-29"
  }
},
{
  "model": "tournament.match",
  "pk": 26,
  "fields": {
    "date": "2023-10-12"
  }
},
{
  "model": "tournament.match",
  "pk": 27,
  "fields": {
    "date": "2023-10-13"
  }
},
{
  "model": "tournament.match",
  "pk": 28,
  "fields": {
    "date": "2023-10-23"
  }
},
{
  "model": "tournament.match",
  "pk": 29,
  "fields": {
    "date": "2023-10-24"
  }
},
{
  "model": "tournament.match",
  "pk": 30,
  "fields": {
    "date": "2023-11-01"
  }
},
{
  "model": "tournament.match",
  "pk": 31,
  "fields": {
    "date": "2023-10-30"
  }
},
{
  "model": "tournament.match",
  "pk": 32,
  "fields": {
    "date": "2023-10-15"
  }
},
{
  "model": "tournament.match",
  "pk": 33,
  "fields": {
    "date": "2023-10-17"
  }
},
{
  "model": "tournament.match",
  "pk": 34,
  "fields": {
    "date": "2023-10-26"
  }
},
{
  "model": "tournament.match",
  "pk": 35,
  "fields": {
    "date": "2023-10-28"
  }
},
{
  "model": "tournament.match",
  "pk": 36,
  "fields": {
    "date": "2023-10-19"
  }
},
{
  "model": "tournament.match",
  "pk": 37,
  "fields": {
    "date": "2023-10-14"
  }
},
{
  "model": "tournament.match",
  "pk": 38,
  "fields": {
    "date": "2023-10-09"
  }
},
{
  "model": "tournament.match",
  "pk": 39,
  "fields": {
    "date": "2023-10-22"
  }
},
{
  "model": "tournament.match",
  "pk": 40,
  "fields": {
    "date": "2023-10-29"
  }
},
{
  "model": "tournament.match",
  "pk": 41,
  "fields": {
    "date": "2023-10-06"
  }
},
{
  "model": "tournament.match",
  "pk": 42,
  "fields": {
    "date": "2023-10-27"
  }
},
{
  "model": "tournament.match",
  "pk": 43,
  "fields": {
    "date": "2023-10-04"
  }
},
{
  "model": "tournament.match",
  "pk": 44,
  "fields": {
    "date": "2023-10-05"
  }
},
{
  "model": "tournament.match",
  "pk": 45,
  "fields": {
    "date": "2023-10-06"
  }
},
{
  "model": "tournament.match",
  "pk": 46,
  "fields": {
    "date": "2023-10-23"
  }
},
{
  "model": "tournament.match",
  "pk": 47,
  "fields": {
    "date": "2023-10-23"
  }
},
{
  "model": "tournament.match",
  "pk": 48,
  "fields": {
    "date": "2023-10-16"
  }
},
{
  "model": "tournament.match",
  "pk": 49,
  "fields": {
    "date": "2023-10-22"
  }
},
{
  "model": "tournament.match",
  "pk": 50,
  "fields": {
    "date": "2023-10-07"
  }
},
{
  "model": "tournament.match",
  "pk": 51,
  "fields": {
    "date": "2023-10-03"
  }
},
{
  "model": "tournament.match",
  "pk": 52,
  "fields": {
    "date": "2023-10-28"
  }
},
{
  "model": "tournament.match",
  "pk": 53,
  "fields": {
    "date": "2023-10-24"
  }
},
{
  "model": "tournament.match",
  "pk": 54,
  "fields": {
    "date": "2023-10-23"
  }
},
{
  "model": "tournament.match",
  "pk": 55,
  "fields": {
    "date": "2023-10-14"
  }
},
{
  "model": "tournament.match",
  "pk": 56,
  "fields": {
    "date": "2023-10-24"
  }
},
{
  "model": "tournament.match",
  "pk": 57,
  "fields": {
    "date": "2023-10-25"
  }
},
{
  "model": "tournament.match",
  "pk": 58,
  "fields": {
    "date": "2023-11-01"
  }
},
{
  "model": "tournament.match",
  "pk": 59,
  "fields": {
    "date": "2023-10-28"
  }
},
{
  "model": "tournament.match",
  "pk": 60,
  "fields": {
    "date": "2023-10-26"
  }
},
{
  "model": "tournament.match",
  "pk": 61,
  "fields": {
    "date": "2023-10-31"
  }
},
{
  "model": "tournament.match",
  "pk": 62,
  "fields": {
    "date": "2023-10-10"
  }
},
{
  "model": "tournament.match",
  "pk": 63,
  "fields": {
    "date": "2023-10-29"
  }
},
{
  "model": "tournament.match",
  "pk": 64,
  "fields": {
    "date": "2023-10-06"
  }
},
{
  "model": "tournament.match",
  "pk": 65,
  "fields": {
    "date": "2023-10-18"
  }
},
{
  "model": "tournament.match",
  "pk": 66,
  "fields": {
    "date": "2023-10-26"
  }
},
{
  "model": "tournament.match",
  "pk": 67,
  "fields": {
    "date": "2023-10-11"
  }
},
{
  "model": "tournament.match",
  "pk": 68,
  "fields": {
    "date": "2023-10-23"
  }
},
{
  "model": "tournament.match",
  "pk": 69,
  "fields": {
    "date": "2023-10-23"
  }
},
{
  "model": "tournament.match",
  "pk": 70,
  "fields": {
    "date": "2023-10-19"
  }
},
{
  "model": "tournament.match",
  "pk": 71,
  "fields": {
    "date": "2023-10-26"
  }
},
{
  "model": "tournament.match",
  "pk": 72,
  "fields": {
    "date": "2023-10-25"
  }
},
{
  "model": "tournament.match",
  "pk": 73,
  "fields": {
    "date": "2023-10-22"
  }
},
{
  "model": "tournament.match",
  "pk": 74,
  "fields": {
    "date": "2023-10-20"
  }
},
{
  "model": "tournament.match",
  "pk": 75,
  "fields": {
    "date": "2023-10-18"
  }
},
{
  "model": "tournament.match",
  "pk": 76,
  "fields": {
    "date": "2023-10-23"
  }
},
{
  "model": "tournament.match",
  "pk": 77,
  "fields": {
    "date": "2023-10-19"
  }
},
{
  "model": "tournament.match",
  "pk": 78,
  "fields": {
    "date": "2023-10-30"
  }
},
{
  "model": "tournament.match",
  "pk": 79,
  "fields": {
    "date": "2023-10-18"
  }
},
{
  "model": "tournament.match",
  "pk": 80,
  "fields": {
    "date": "2023-11-01"
  }
},
{
  "model": "tournament.match",
  "pk": 81,
  "fields": {
    "date": "2023-10-14"
  }
},
{
  "model": "tournament.match",
  "pk": 82,
  "fields": {
    "date": "2023-10-04"
  }
},
{
  "model": "tournament.match",
  "pk": 83,
  "fields": {
    "date": "2023-10-25"
  }
},
{
  "model": "tournament.match",
  "pk": 84,
  "fields": {
    "date": "2023-10-18"
  }
},
{
  "model": "tournament.match",
  "pk": 85,
  "fields": {
    "date": "2023-10-13"
  }
},
{
  "model": "tournament.match",
  "pk": 86,
  "fields": {
    "date": "2023-10-30"
  }
},
{
  "model": "tournament.match",
  "pk": 87,
  "fields": {
    "date": "2023-10-11"
  }
},
{
  "model": "tournament.match",
  "pk": 88,
  "fields": {
    "date": "2023-10-28"
  }
},
{
  "model": "tournament.match",
  "pk": 89,
  "fields": {
    "date": "2023-10-12"
  }
},
{
  "model": "tournament.match",
  "pk": 90,
  "fields": {
    "date": "2023-11-01"
  }
},
{
  "model": "tournament.match",
  "pk": 91,
  "fields": {
    "date": "2023-10-07"
  }
},
{
  "model": "tournament.match",
  "pk": 92,
  "fields": {
    "date": "2023-10-08"
  }
},
{
  "model": "tournament.match",
  "pk": 93,
  "fields": {
    "date": "2023-11-01"
  }
},
{
  "model": "tournament.match",
  "pk": 94,
  "fields": {
    "date": "2023-10-28"
  }
},
{
  "model": "tournament.match",
  "pk": 95,
  "fields": {
    "date": "2023-10-29"
  }
},
{
  "model": "tournament.match",
  "pk": 96,
  "fields": {
    "date": "2023-10-26"
  }
},
{
  "model": "tournament.match",
  "pk": 97,
  "fields": {
    "date": "2023-10-25"
  }
},
{
  "model": "tournament.match",
  "pk": 98,
  "fields": {
    "date": "2023-10-07"
  }
},
{
  "model": "tournament.match",
  "pk": 99,
  "fields": {
    "date": "2023-10-22"
  }
},
{
  "model": "tournament.match",
  "pk": 100,
  "fields": {
    "date": "2023-10-18"
  }
},
{
  "model": "tournament.match",
  "pk": 101,
  "fields": {
    "date": "2023-10-22"
  }
},
{
  "model": "tournament.match",
  "pk": 102,
  "fields": {
    "date": "2023-10-16"
  }
},
{
  "model": "tournament.match",
  "pk": 103,
  "fields": {
    "date": "2023-10-20"
  }
},
{
  "model": "tournament.match",
  "pk": 104,
  "fields": {
    "date": "2023-10-20"
  }
},
{
  "model": "tournament.match",
  "pk": 105,
  "fields": {
    "date": "2023-10-03"
  }
},
{
  "model": "tournament.match",
  "pk": 106,
  "fields": {
    "date": "2023-10-19"
  }
},
{
  "model": "tournament.match",
  "pk": 107,
  "fields": {
    "date": "2023-10-20"
  }
},
{
  "model": "tournament.match",
  "pk": 108,
  "fields": {
    "date": "2023-10-08"
  }
},
{
  "model": "tournament.match",
  "pk": 109,
  "fields": {
    "date": "2023-10-19"
  }
},
{
  "model": "tournament.match",
  "pk": 110,
  "fields": {
    "date": "2023-10-16"
  }
},
{
  "model": "tournament.match",
  "pk": 111,
  "fields": {
    "date": "2023-10-30"
  }
},
{
  "model": "tournament.match",
  "pk": 112,
  "fields": {
    "date": "2023-10-05"
  }
},
{
  "model": "tournament.match",
  "pk": 113,
  "fields": {
    "date": "2023-10-20"
  }
},
{
  "model": "tournament.match",
  "pk": 114,
  "fields": {
    "date": "2023-10-05"
  }
},
{
  "model": "tournament.match",
  "pk": 115,
  "fields": {
    "date": "2023-11-01"
  }
},
{
  "model": "tournament.match",
  "pk": 116,
  "fields": {
    "date": "2023-10-11"
  }
},
{
  "model": "tournament.match",
  "pk": 117,
  "fields": {
    "date": "2023-10-15"
  }
},
{
  "model": "tournament.match",
  "pk": 118,
  "fields": {
    "date": "2023-10-23"
  }
},
{
  "model": "tournament.match",
  "pk": 119,
  "fields": {
    "date": "2023-10-09"
  }
},
{
  "model": "tournament.match",
  "pk": 120,
  "fields": {
    "date": "2023-10-25"
  }
},
{
  "model": "tournament.teammatch",
  "pk": 1,
  "fields": {
    "team": 9,
    "match": 1,
    "batting_score": 158,
    "batting_wickets": 3,
    "batting_overs": 30
  }
},
{
  "model": "tournament.teammatch",
  "pk": 2,
  "fields": {
    "team": 2,
    "match": 1,
    "batting_score": 200,
    "batting_wickets": 4,
    "batting_overs": 24
  }
},
{
  "model": "tournament.teammatch",
  "pk": 3,
  "fields": {
    "team": 6,
    "match": 2,
    "batting_score": 173,
    "batting_wickets": 3,
    "batting_overs": 34
  }
},
{
  "model": "tournament.teammatch",
  "pk": 4,
  "fields": {
    "team": 7,
    "match": 2,
    "batting_score": 297,
    "batting_wickets": 0,
    "batting_overs": 32
  }
},
{
  "model": "tournament.teammatch",
  "pk": 5,
  "fields": {
    "team": 5,
    "match": 3,
    "batting_score": 367,
    "batting_wickets": 8,
    "batting_overs": 25
  }
},
{
  "model": "tournament.teammatch",
  "pk": 6,
  "fields": {
    "team": 3,
    "match": 3,
    "batting_score": 298,
    "batting_wickets": 10,
    "batting_overs": 46
  }
},
{
  "model": "tournament.teammatch",
  "pk": 7,
  "fields": {
    "team": 6,
    "match": 4,
    "batting_score": 396,
    "batting_wickets": 8,
    "batting_overs": 49
  }
},
{
  "model": "tournament.teammatch",
  "pk": 8,
  "fields": {
    "team": 3,
    "match": 4,
    "batting_score": 369,
    "batting_wickets": 6,
    "batting_overs": 25
  }
},
{
  "model": "tournament.teammatch",
  "pk": 9,
  "fields": {
    "team": 2,
    "match": 5,
    "batting_score": 390,
    "batting_wickets": 7,
    "batting_overs": 39
  }
},
{
  "model": "tournament.teammatch",
  "pk": 10,
  "fields": {
    "team": 8,
    "match": 5,
    "batting_score": 119,
    "batting_wickets": 6,
    "batting_overs": 36
  }
},
{
  "model": "tournament.teammatch",
  "pk": 11,
  "fields": {
    "team": 4,
    "match": 6,
    "batting_score": 179,
    "batting_wickets": 5,
    "batting_overs": 27
  }
},
{
  "model": "tournament.teammatch",
  "pk": 12,
  "fields": {
    "team": 3,
    "match": 6,
    "batting_score": 226,
    "batting_wickets": 2,
    "batting_overs": 22
  }
},
{
  "model": "tournament.teammatch",
  "pk": 13,
  "fields": {
    "team": 5,
    "match": 7,
    "batting_score": 286,
    "batting_wickets": 5,
    "batting_overs": 44
  }
},
{
  "model": "tournament.teammatch",
  "pk": 14,
  "fields": {
    "team": 8,
    "match": 7,
    "batting_score": 344,
    "batting_wickets": 6,
    "batting_overs": 35
  }
},
{
  "model": "tournament.teammatch",
  "pk": 15,
  "fields": {
    "team": 6,
    "match": 8,
    "batting_score": 361,
    "batting_wickets": 5,
    "batting_overs": 20
  }
},
{
  "model": "tournament.teammatch",
  "pk": 16,
  "fields": {
    "team": 8,
    "match": 8,
    "batting_score": 103,
    "batting_wickets": 6,
    "batting_overs": 22
  }
},
{
  "model": "tournament.teammatch",
  "pk": 17,
  "fields": {
    "team": 8,
    "match": 9,
    "batting_score": 261,
    "batting_wickets": 4,
    "batting_overs": 41
  }
},
{
  "model": "tournament.teammatch",
  "pk": 18,
  "fields": {
    "team": 7,
    "match": 9,
    "batting_score": 188,
    "batting_wickets": 9,
    "batting_overs": 47
  }
},
{
  "model": "tournament.teammatch",
  "pk": 19,
  "fields": {
    "team": 8,
    "match": 10,
    "batting_score": 204,
    "batting_wickets": 7,
    "batting_overs": 29
  }
},
{
  "model": "tournament.teammatch",
  "pk": 20,
  "fields": {
    "team": 5,
    "match": 10,
    "batting_score": 359,
    "batting_wickets": 9,
    "batting_overs": 28
  }
},
{
  "model": "tournament.teammatch",
  "pk": 21,
  "fields": {
    "team": 1,
    "match": 11,
    "batting_score": 280,
    "batting_wickets": 1,
    "batting_overs": 38
  }
},
{
  "model": "tournament.teammatch",
  "pk": 22,
  "fields": {
    "team": 2,
    "match": 11,
    "batting_score": 252,
    "batting_wickets": 5,
    "batting_overs": 21
  }
},
{
  "model": "tournament.teammatch",
  "pk": 23,
  "fields": {
    "team": 2,
    "match": 12,
    "batting_score": 212,
    "batting_wickets": 6,
    "batting_overs": 30
  }
},
{
  "model": "tournament.teammatch",
  "pk": 24,
  "fields": {
    "team": 5,
    "match": 12,
    "batting_score": 249,
    "batting_wickets": 10,
    "batting_overs": 44
  }
},
{
  "model": "tournament.teammatch",
  "pk": 25,
  "fields": {
    "team": 3,
    "match": 13,
    "batting_score": 331,
    "batting_wickets": 7,
    "batting_overs": 40
  }
},
{
  "model": "tournament.teammatch",
  "pk": 26,
  "fields": {
    "team": 7,
    "match": 13,
    "batting_score": 322,
    "batting_wickets": 10,
    "batting_overs": 46
  }
},
{
  "model": "tournament.teammatch",
  "pk": 27,
  "fields": {
    "team": 9,
    "match": 14,
    "batting_score": 123,
    "batting_wickets": 4,
    "batting_overs": 29
  }
},
{
  "model": "tournament.teammatch",
  "pk": 28,
  "fields": {
    "team": 1,
    "match": 14,
    "batting_score": 243,
    "batting_wickets": 10,
    "batting_overs": 38
  }
},
{
  "model": "tournament.teammatch",
  "pk": 29,
  "fields": {
    "team": 5,
    "match": 15,
    "batting_score": 206,
    "batting_wickets": 5,
    "batting_overs": 23
  }
},
{
  "model": "tournament.teammatch",
  "pk": 30,
  "fields": {
    "team": 9,
    "match": 15,
    "batting_score": 264,
    "batting_wickets": 6,
    "batting_overs": 35
  }
},
{
  "model": "tournament.teammatch",
  "pk": 31,
  "fields": {
    "team": 2,
    "match": 16,
    "batting_score": 388,
    "batting_wickets": 4,
    "batting_overs": 32
  }
},
{
  "model": "tournament.teammatch",
  "pk": 32,
  "fields": {
    "team": 9,
    "match": 16,
    "batting_score": 106,
    "batting_wickets": 4,
    "batting_overs": 33
  }
},
{
  "model": "tournament.teammatch",
  "pk": 33,
  "fields": {
    "team": 7,
    "match": 17,
    "batting_score": 215,
    "batting_wickets": 1,
    "batting_overs": 24
  }
},
{
  "model": "tournament.teammatch",
  "pk": 34,
  "fields": {
    "team": 10,
    "match": 17,
    "batting_score": 359,
    "batting_wickets": 1,
    "batting_overs": 33
  }
},
{
  "model": "tournament.teammatch",
  "pk": 35,
  "fields": {
    "team": 8,
    "match": 18,
    "batting_score": 353,
    "batting_wickets": 3,
    "batting_overs": 46
  }
},
{
  "model": "tournament.teammatch",
  "pk": 36,
  "fields": {
    "team": 1,
    "match": 18,
    "batting_score": 392,
    "batting_wickets": 10,
    "batting_overs": 38
  }
},
{
  "model": "tournament.teammatch",
  "pk": 37,
  "fields": {
    "team": 10,
    "match": 19,
    "batting_score": 220,
    "batting_wickets": 1,
    "batting_overs": 24
  }
},
{
  "model": "tournament.teammatch",
  "pk": 38,
  "fields": {
    "team": 8,
    "match": 19,
    "batting_score": 278,
    "batting_wickets": 3,
    "batting_overs": 41
  }
},
{
  "model": "tournament.teammatch",
  "pk": 39,
  "fields": {
    "team": 7,
    "match": 20,
    "batting_score": 270,
    "batting_wickets": 4,
    "batting_overs": 42
  }
},
{
  "model": "tournament.teammatch",
  "pk": 40,
  "fields": {
    "team": 5,
    "match": 20,
    "batting_score": 400,
    "batting_wickets": 1,
    "batting_overs": 47
  }
},
{
  "model": "tournament.teammatch",
  "pk": 41,
  "fields": {
    "team": 9,
    "match": 21,
    "batting_score": 365,
    "batting_wickets": 4,
    "batting_overs": 43
  }
},
{
  "model": "tournament.teammatch",
  "pk": 42,
  "fields": {
    "team": 2,
    "match": 21,
    "batting_score": 306,
    "batting_wickets": 9,
    "batting_overs": 47
  }
},
{
  "model": "tournament.teammatch",
  "pk": 43,
  "fields": {
    "team": 4,
    "match": 22,
    "batting_score": 170,
    "batting_wickets": 3,
    "batting_overs": 47
  }
},
{
  "model": "tournament.teammatch",
  "pk": 44,
  "fields": {
    "team": 3,
    "match": 22,
    "batting_score": 328,
    "batting_wickets": 7,
    "batting_overs": 49
  }
},
{
  "model": "tournament.teammatch",
  "pk": 45,
  "fields": {
    "team": 9,
    "match": 23,
    "batting_score": 299,
    "batting_wickets": 0,
    "batting_overs": 24
  }
},
{
  "model": "tournament.teammatch",
  "pk": 46,
  "fields": {
    "team": 4,
    "match": 23,
    "batting_score": 352,
    "batting_wickets": 4,
    "batting_overs": 35
  }
},
{
  "model": "tournament.teammatch",
  "pk": 47,
  "fields": {
    "team": 8,
    "match": 24,
    "batting_score": 261,
    "batting_wickets": 0,
    "batting_overs": 32
  }
},
{
  "model": "tournament.teammatch",
  "pk": 48,
  "fields": {
    "team": 10,
    "match": 24,
    "batting_score": 104,
    "batting_wickets": 2,
    "batting_overs": 39
  }
},
{
  "model": "tournament.teammatch",
  "pk": 49,
  "fields": {
    "team": 7,
    "match": 25,
    "batting_score": 190,
    "batting_wickets": 5,
    "batting_overs": 30
  }
},
{
  "model": "tournament.teammatch",
  "pk": 50,
  "fields": {
    "team": 10,
    "match": 25,
    "batting_score": 112,
    "batting_wickets": 2,
    "batting_overs": 25
  }
},
{
  "model": "tournament.teammatch",
  "pk": 51,
  "fields": {
    "team": 2,
    "match": 26,
    "batting_score": 159,
    "batting_wickets": 9,
    "batting_overs": 34
  }
},
{
  "model": "tournament.teammatch",
  "pk": 52,
  "fields": {
    "team": 7,
    "match": 26,
    "batting_score": 205,
    "batting_wickets": 9,
    "batting_overs": 31
  }
},
{
  "model": "tournament.teammatch",
  "pk": 53,
  "fields": {
    "team": 8,
    "match": 27,
    "batting_score": 273,
    "batting_wickets": 8,
    "batting_overs": 23
  }
},
{
  "model": "tournament.teammatch",
  "pk": 54,
  "fields": {
    "team": 1,
    "match": 27,
    "batting_score": 328,
    "batting_wickets": 3,
    "batting_overs": 37
  }
},
{
  "model": "tournament.teammatch",
  "pk": 55,
  "fields": {
    "team": 4,
    "match": 28,
    "batting_score": 275,
    "batting_wickets": 8,
    "batting_overs": 32
  }
},
{
  "model": "tournament.teammatch",
  "pk": 56,
  "fields": {
    "team": 6,
    "match": 28,
    "batting_score": 251,
    "batting_wickets": 7,
    "batting_overs": 20
  }
},
{
  "model": "tournament.teammatch",
  "pk": 57,
  "fields": {
    "team": 8,
    "match": 29,
    "batting_score": 219,
    "batting_wickets": 8,
    "batting_overs": 32
  }
},
{
  "model": "tournament.teammatch",
  "pk": 58,
  "fields": {
    "team": 5,
    "match": 29,
    "batting_score": 335,
    "batting_wickets": 3,
    "batting_overs": 49
  }
},
{
  "model": "tournament.teammatch",
  "pk": 59,
  "fields": {
    "team": 2,
    "match": 30,
    "batting_score": 204,
    "batting_wickets": 2,
    "batting_overs": 35
  }
},
{
  "model": "tournament.teammatch",
  "pk": 60,
  "fields": {
    "team": 5,
    "match": 30,
    "batting_score": 251,
    "batting_wickets": 0,
    "batting_overs": 48
  }
},
{
  "model": "tournament.teammatch",
  "pk": 61,
  "fields": {
    "team": 1,
    "match": 31,
    "batting_score": 373,
    "batting_wickets": 8,
    "batting_overs": 49
  }
},
{
  "model": "tournament.teammatch",
  "pk": 62,
  "fields": {
    "team": 6,
    "match": 31,
    "batting_score": 369,
    "batting_wickets": 2,
    "batting_overs": 42
  }
},
{
  "model": "tournament.teammatch",
  "pk": 63,
  "fields": {
    "team": 4,
    "match": 32,
    "batting_score": 361,
    "batting_wickets": 1,
    "batting_overs": 40
  }
},
{
  "model": "tournament.teammatch",
  "pk": 64,
  "fields": {
    "team": 10,
    "match": 32,
    "batting_score": 159,
    "batting_wickets": 3,
    "batting_overs": 44
  }
},
{
  "model": "tournament.teammatch",
  "pk": 65,
  "fields": {
    "team": 8,
    "match": 33,
    "batting_score": 290,
    "batting_wickets": 0,
    "batting_overs": 36
  }
},
{
  "model": "tournament.teammatch",
  "pk": 66,
  "fields": {
    "team": 7,
    "match": 33,
    "batting_score": 270,
    "batting_wickets": 1,
    "batting_overs": 25
  }
},
{
  "model": "tournament.teammatch",
  "pk": 67,
  "fields": {
    "team": 6,
    "match": 34,
    "batting_score": 192,
    "batting_wickets": 10,
    "batting_overs": 48
  }
},
{
  "model": "tournament.teammatch",
  "pk": 68,
  "fields": {
    "team": 9,
    "match": 34,
    "batting_score": 237,
    "batting_wickets": 6,
    "batting_overs": 31
  }
},
{
  "model": "tournament.teammatch",
  "pk": 69,
  "fields": {
    "team": 6,
    "match": 35,
    "batting_score": 215,
    "batting_wickets": 3,
    "batting_overs": 48
  }
},
{
  "model": "tournament.teammatch",
  "pk": 70,
  "fields": {
    "team": 10,
    "match": 35,
    "batting_score": 106,
    "batting_wickets": 7,
    "batting_overs": 42
  }
},
{
  "model": "tournament.teammatch",
  "pk": 71,
  "fields": {
    "team": 9,
    "match": 36,
    "batting_score": 170,
    "batting_wickets": 2,
    "batting_overs": 25
  }
},
{
  "model": "tournament.teammatch",
  "pk": 72,
  "fields": {
    "team": 7,
    "match": 36,
    "batting_score": 284,
    "batting_wickets": 7,
    "batting_overs": 47
  }
},
{
  "model": "tournament.teammatch",
  "pk": 73,
  "fields": {
    "team": 7,
    "match": 37,
    "batting_score": 241,
    "batting_wickets": 9,
    "batting_overs": 39
  }
},
{
  "model": "tournament.teammatch",
  "pk": 74,
  "fields": {
    "team": 8,
    "match": 37,
    "batting_score": 349,
    "batting_wickets": 3,
    "batting_overs": 38
  }
},
{
  "model": "tournament.teammatch",
  "pk": 75,
  "fields": {
    "team": 10,
    "match": 38,
    "batting_score": 100,
    "batting_wickets": 6,
    "batting_overs": 49
  }
},
{
  "model": "tournament.teammatch",
  "pk": 76,
  "fields": {
    "team": 5,
    "match": 38,
    "batting_score": 327,
    "batting_wickets": 3,
    "batting_overs": 43
  }
},
{
  "model": "tournament.teammatch",
  "pk": 77,
  "fields": {
    "team": 3,
    "match": 39,
    "batting_score": 234,
    "batting_wickets": 4,
    "batting_overs": 45
  }
},
{
  "model": "tournament.teammatch",
  "pk": 78,
  "fields": {
    "team": 9,
    "match": 39,
    "batting_score": 264,
    "batting_wickets": 2,
    "batting_overs": 36
  }
},
{
  "model": "tournament.teammatch",
  "pk": 79,
  "fields": {
    "team": 9,
    "match": 40,
    "batting_score": 208,
    "batting_wickets": 1,
    "batting_overs": 20
  }
},
{
  "model": "tournament.teammatch",
  "pk": 80,
  "fields": {
    "team": 1,
    "match": 40,
    "batting_score": 142,
    "batting_wickets": 2,
    "batting_overs": 47
  }
},
{
  "model": "tournament.teammatch",
  "pk": 81,
  "fields": {
    "team": 19,
    "match": 41,
    "batting_score": 219,
    "batting_wickets": 3,
    "batting_overs": 21
  }
},
{
  "model": "tournament.teammatch",
  "pk": 82,
  "fields": {
    "team": 16,
    "match": 41,
    "batting_score": 174,
    "batting_wickets": 9,
    "batting_overs": 22
  }
},
{
  "model": "tournament.teammatch",
  "pk": 83,
  "fields": {
    "team": 15,
    "match": 42,
    "batting_score": 242,
    "batting_wickets": 5,
    "batting_overs": 36
  }
},
{
  "model": "tournament.teammatch",
  "pk": 84,
  "fields": {
    "team": 11,
    "match": 42,
    "batting_score": 154,
    "batting_wickets": 6,
    "batting_overs": 36
  }
},
{
  "model": "tournament.teammatch",
  "pk": 85,
  "fields": {
    "team": 15,
    "match": 43,
    "batting_score": 313,
    "batting_wickets": 9,
    "batting_overs": 41
  }
},
{
  "model": "tournament.teammatch",
  "pk": 86,
  "fields": {
    "team": 18,
    "match": 43,
    "batting_score": 219,
    "batting_wickets": 9,
    "batting_overs": 29
  }
},
{
  "model": "tournament.teammatch",
  "pk": 87,
  "fields": {
    "team": 16,
    "match": 44,
    "batting_score": 229,
    "batting_wickets": 4,
    "batting_overs": 41
  }
},
{
  "model": "tournament.teammatch",
  "pk": 88,
  "fields": {
    "team": 18,
    "match": 44,
    "batting_score": 347,
    "batting_wickets": 9,
    "batting_overs": 41
  }
},
{
  "model": "tournament.teammatch",
  "pk": 89,
  "fields": {
    "team": 15,
    "match": 45,
    "batting_score": 160,
    "batting_wickets": 5,
    "batting_overs": 25
  }
},
{
  "model": "tournament.teammatch",
  "pk": 90,
  "fields": {
    "team": 20,
    "match": 45,
    "batting_score": 254,
    "batting_wickets": 2,
    "batting_overs": 27
  }
},
{
  "model": "tournament.teammatch",
  "pk": 91,
  "fields": {
    "team": 18,
    "match": 46,
    "batting_score": 161,
    "batting_wickets": 6,
    "batting_overs": 31
  }
},
{
  "model": "tournament.teammatch",
  "pk": 92,
  "fields": {
    "team": 17,
    "match": 46,
    "batting_score": 226,
    "batting_wickets": 8,
    "batting_overs": 42
  }
},
{
  "model": "tournament.teammatch",
  "pk": 93,
  "fields": {
    "team": 16,
    "match": 47,
    "batting_score": 335,
    "batting_wickets": 2,
    "batting_overs": 21
  }
},
{
  "model": "tournament.teammatch",
  "pk": 94,
  "fields": {
    "team": 11,
    "match": 47,
    "batting_score": 330,
    "batting_wickets": 1,
    "batting_overs": 41
  }
},
{
  "model": "tournament.teammatch",
  "pk": 95,
  "fields": {
    "team": 12,
    "match": 48,
    "batting_score": 331,
    "batting_wickets": 0,
    "batting_overs": 36
  }
},
{
  "model": "tournament.teammatch",
  "pk": 96,
  "fields": {
    "team": 11,
    "match": 48,
    "batting_score": 198,
    "batting_wickets": 7,
    "batting_overs": 35
  }
},
{
  "model": "tournament.teammatch",
  "pk": 97,
  "fields": {
    "team": 11,
    "match": 49,
    "batting_score": 336,
    "batting_wickets": 7,
    "batting_overs": 40
  }
},
{
  "model": "tournament.teammatch",
  "pk": 98,
  "fields": {
    "team": 17,
    "match": 49,
    "batting_score": 297,
    "batting_wickets": 7,
    "batting_overs": 33
  }
},
{
  "model": "tournament.teammatch",
  "pk": 99,
  "fields": {
    "team": 12,
    "match": 50,
    "batting_score": 319,
    "batting_wickets": 8,
    "batting_overs": 39
  }
},
{
  "model": "tournament.teammatch",
  "pk": 100,
  "fields": {
    "team": 16,
    "match": 50,
    "batting_score": 189,
    "batting_wickets": 5,
    "batting_overs": 27
  }
},
{
  "model": "tournament.teammatch",
  "pk": 101,
  "fields": {
    "team": 14,
    "match": 51,
    "batting_score": 183,
    "batting_wickets": 0,
    "batting_overs": 25
  }
},
{
  "model": "tournament.teammatch",
  "pk": 102,
  "fields": {
    "team": 20,
    "match": 51,
    "batting_score": 176,
    "batting_wickets": 1,
    "batting_overs": 41
  }
},
{
  "model": "tournament.teammatch",
  "pk": 103,
  "fields": {
    "team": 17,
    "match": 52,
    "batting_score": 302,
    "batting_wickets": 9,
    "batting_overs": 28
  }
},
{
  "model": "tournament.teammatch",
  "pk": 104,
  "fields": {
    "team": 18,
    "match": 52,
    "batting_score": 303,
    "batting_wickets": 8,
    "batting_overs": 48
  }
},
{
  "model": "tournament.teammatch",
  "pk": 105,
  "fields": {
    "team": 20,
    "match": 53,
    "batting_score": 162,
    "batting_wickets": 0,
    "batting_overs": 45
  }
},
{
  "model": "tournament.teammatch",
  "pk": 106,
  "fields": {
    "team": 12,
    "match": 53,
    "batting_score": 123,
    "batting_wickets": 9,
    "batting_overs": 46
  }
},
{
  "model": "tournament.teammatch",
  "pk": 107,
  "fields": {
    "team": 19,
    "match": 54,
    "batting_score": 396,
    "batting_wickets": 4,
    "batting_overs": 31
  }
},
{
  "model": "tournament.teammatch",
  "pk": 108,
  "fields": {
    "team": 17,
    "match": 54,
    "batting_score": 116,
    "batting_wickets": 2,
    "batting_overs": 28
  }
},
{
  "model": "tournament.teammatch",
  "pk": 109,
  "fields": {
    "team": 20,
    "match": 55,
    "batting_score": 268,
    "batting_wickets": 10,
    "batting_overs": 20
  }
},
{
  "model": "tournament.teammatch",
  "pk": 110,
  "fields": {
    "team": 18,
    "match": 55,
    "batting_score": 364,
    "batting_wickets": 4,
    "batting_overs": 22
  }
},
{
  "model": "tournament.teammatch",
  "pk": 111,
  "fields": {
    "team": 20,
    "match": 56,
    "batting_score": 112,
    "batting_wickets": 9,
    "batting_overs": 35
  }
},
{
  "model": "tournament.teammatch",
  "pk": 112,
  "fields": {
    "team": 18,
    "match": 56,
    "batting_score": 216,
    "batting_wickets": 6,
    "batting_overs": 31
  }
},
{
  "model": "tournament.teammatch",
  "pk": 113,
  "fields": {
    "team": 17,
    "match": 57,
    "batting_score": 210,
    "batting_wickets": 1,
    "batting_overs": 47
  }
},
{
  "model": "tournament.teammatch",
  "pk": 114,
  "fields": {
    "team": 20,
    "match": 57,
    "batting_score": 169,
    "batting_wickets": 10,
    "batting_overs": 38
  }
},
{
  "model": "tournament.teammatch",
  "pk": 115,
  "fields": {
    "team": 11,
    "match": 58,
    "batting_score": 223,
    "batting_wickets": 9,
    "batting_overs": 41
  }
},
{
  "model": "tournament.teammatch",
  "pk": 116,
  "fields": {
    "team": 19,
    "match": 58,
    "batting_score": 210,
    "batting_wickets": 2,
    "batting_overs": 23
  }
},
{
  "model": "tournament.teammatch",
  "pk": 117,
  "fields": {
    "team": 15,
    "match": 59,
    "batting_score": 361,
    "batting_wickets": 9,
    "batting_overs": 31
  }
},
{
  "model": "tournament.teammatch",
  "pk": 118,
  "fields": {
    "team": 14,
    "match": 59,
    "batting_score": 309,
    "batting_wickets": 8,
    "batting_overs": 35
  }
},
{
  "model": "tournament.teammatch",
  "pk": 119,
  "fields": {
    "team": 13,
    "match": 60,
    "batting_score": 390,
    "batting_wickets": 0,
    "batting_overs": 25
  }
},
{
  "model": "tournament.teammatch",
  "pk": 120,
  "fields": {
    "team": 19,
    "match": 60,
    "batting_score": 274,
    "batting_wickets": 3,
    "batting_overs": 49
  }
},
{
  "model": "tournament.teammatch",
  "pk": 121,
  "fields": {
    "team": 20,
    "match": 61,
    "batting_score": 190,
    "batting_wickets": 8,
    "batting_overs": 21
  }
},
{
  "model": "tournament.teammatch",
  "pk": 122,
  "fields": {
    "team": 11,
    "match": 61,
    "batting_score": 397,
    "batting_wickets": 5,
    "batting_overs": 37
  }
},
{
  "model": "tournament.teammatch",
  "pk": 123,
  "fields": {
    "team": 14,
    "match": 62,
    "batting_score": 168,
    "batting_wickets": 0,
    "batting_overs": 37
  }
},
{
  "model": "tournament.teammatch",
  "pk": 124,
  "fields": {
    "team": 11,
    "match": 62,
    "batting_score": 285,
    "batting_wickets": 2,
    "batting_overs": 24
  }
},
{
  "model": "tournament.teammatch",
  "pk": 125,
  "fields": {
    "team": 18,
    "match": 63,
    "batting_score": 338,
    "batting_wickets": 10,
    "batting_overs": 25
  }
},
{
  "model": "tournament.teammatch",
  "pk": 126,
  "fields": {
    "team": 17,
    "match": 63,
    "batting_score": 136,
    "batting_wickets": 4,
    "batting_overs": 30
  }
},
{
  "model": "tournament.teammatch",
  "pk": 127,
  "fields": {
    "team": 11,
    "match": 64,
    "batting_score": 105,
    "batting_wickets": 6,
    "batting_overs": 38
  }
},
{
  "model": "tournament.teammatch",
  "pk": 128,
  "fields": {
    "team": 15,
    "match": 64,
    "batting_score": 289,
    "batting_wickets": 6,
    "batting_overs": 20
  }
},
{
  "model": "tournament.teammatch",
  "pk": 129,
  "fields": {
    "team": 11,
    "match": 65,
    "batting_score": 358,
    "batting_wickets": 5,
    "batting_overs": 41
  }
},
{
  "model": "tournament.teammatch",
  "pk": 130,
  "fields": {
    "team": 14,
    "match": 65,
    "batting_score": 314,
    "batting_wickets": 5,
    "batting_overs": 21
  }
},
{
  "model": "tournament.teammatch",
  "pk": 131,
  "fields": {
    "team": 17,
    "match": 66,
    "batting_score": 280,
    "batting_wickets": 9,
    "batting_overs": 45
  }
},
{
  "model": "tournament.teammatch",
  "pk": 132,
  "fields": {
    "team": 18,
    "match": 66,
    "batting_score": 157,
    "batting_wickets": 6,
    "batting_overs": 25
  }
},
{
  "model": "tournament.teammatch",
  "pk": 133,
  "fields": {
    "team": 12,
    "match": 67,
    "batting_score": 238,
    "batting_wickets": 4,
    "batting_overs": 36
  }
},
{
  "model": "tournament.teammatch",
  "pk": 134,
  "fields": {
    "team": 18,
    "match": 67,
    "batting_score": 138,
    "batting_wickets": 6,
    "batting_overs": 31
  }
},
{
  "model": "tournament.teammatch",
  "pk": 135,
  "fields": {
    "team": 20,
    "match": 68,
    "batting_score": 332,
    "batting_wickets": 1,
    "batting_overs": 21
  }
},
{
  "model": "tournament.teammatch",
  "pk": 136,
  "fields": {
    "team": 15,
    "match": 68,
    "batting_score": 347,
    "batting_wickets": 9,
    "batting_overs": 40
  }
},
{
  "model": "tournament.teammatch",
  "pk": 137,
  "fields": {
    "team": 14,
    "match": 69,
    "batting_score": 249,
    "batting_wickets": 9,
    "batting_overs": 27
  }
},
{
  "model": "tournament.teammatch",
  "pk": 138,
  "fields": {
    "team": 13,
    "match": 69,
    "batting_score": 119,
    "batting_wickets": 5,
    "batting_overs": 39
  }
},
{
  "model": "tournament.teammatch",
  "pk": 139,
  "fields": {
    "team": 18,
    "match": 70,
    "batting_score": 400,
    "batting_wickets": 9,
    "batting_overs": 47
  }
},
{
  "model": "tournament.teammatch",
  "pk": 140,
  "fields": {
    "team": 11,
    "match": 70,
    "batting_score": 104,
    "batting_wickets": 9,
    "batting_overs": 23
  }
},
{
  "model": "tournament.teammatch",
  "pk": 141,
  "fields": {
    "team": 15,
    "match": 71,
    "batting_score": 160,
    "batting_wickets": 8,
    "batting_overs": 33
  }
},
{
  "model": "tournament.teammatch",
  "pk": 142,
  "fields": {
    "team": 12,
    "match": 71,
    "batting_score": 236,
    "batting_wickets": 7,
    "batting_overs": 28
  }
},
{
  "model": "tournament.teammatch",
  "pk": 143,
  "fields": {
    "team": 15,
    "match": 72,
    "batting_score": 329,
    "batting_wickets": 7,
    "batting_overs": 24
  }
},
{
  "model": "tournament.teammatch",
  "pk": 144,
  "fields": {
    "team": 12,
    "match": 72,
    "batting_score": 256,
    "batting_wickets": 9,
    "batting_overs": 41
  }
},
{
  "model": "tournament.teammatch",
  "pk": 145,
  "fields": {
    "team": 15,
    "match": 73,
    "batting_score": 298,
    "batting_wickets": 7,
    "batting_overs": 39
  }
},
{
  "model": "tournament.teammatch",
  "pk": 146,
  "fields": {
    "team": 11,
    "match": 73,
    "batting_score": 144,
    "batting_wickets": 8,
    "batting_overs": 23
  }
},
{
  "model": "tournament.teammatch",
  "pk": 147,
  "fields": {
    "team": 16,
    "match": 74,
    "batting_score": 144,
    "batting_wickets": 6,
    "batting_overs": 36
  }
},
{
  "model": "tournament.teammatch",
  "pk": 148,
  "fields": {
    "team": 15,
    "match": 74,
    "batting_score": 240,
    "batting_wickets": 4,
    "batting_overs": 45
  }
},
{
  "model": "tournament.teammatch",
  "pk": 149,
  "fields": {
    "team": 11,
    "match": 75,
    "batting_score": 388,
    "batting_wickets": 8,
    "batting_overs": 27
  }
},
{
  "model": "tournament.teammatch",
  "pk": 150,
  "fields": {
    "team": 13,
    "match": 75,
    "batting_score": 161,
    "batting_wickets": 4,
    "batting_overs": 29
  }
},
{
  "model": "tournament.teammatch",
  "pk": 151,
  "fields": {
    "team": 20,
    "match": 76,
    "batting_score": 128,
    "batting_wickets": 4,
    "batting_overs": 42
  }
},
{
  "model": "tournament.teammatch",
  "pk": 152,
  "fields": {
    "team": 16,
    "match": 76,
    "batting_score": 300,
    "batting_wickets": 0,
    "batting_overs": 38
  }
},
{
  "model": "tournament.teammatch",
  "pk": 153,
  "fields": {
    "team": 14,
    "match": 77,
    "batting_score": 273,
    "batting_wickets": 8,
    "batting_overs": 42
  }
},
{
  "model": "tournament.teammatch",
  "pk": 154,
  "fields": {
    "team": 19,
    "match": 77,
    "batting_score": 351,
    "batting_wickets": 2,
    "batting_overs": 48
  }
},
{
  "model": "tournament.teammatch",
  "pk": 155,
  "fields": {
    "team": 14,
    "match": 78,
    "batting_score": 248,
    "batting_wickets": 2,
    "batting_overs": 38
  }
},
{
  "model": "tournament.teammatch",
  "pk": 156,
  "fields": {
    "team": 13,
    "match": 78,
    "batting_score": 375,
    "batting_wickets": 7,
    "batting_overs": 35
  }
},
{
  "model": "tournament.teammatch",
  "pk": 157,
  "fields": {
    "team": 13,
    "match": 79,
    "batting_score": 295,
    "batting_wickets": 4,
    "batting_overs": 36
  }
},
{
  "model": "tournament.teammatch",
  "pk": 158,
  "fields": {
    "team": 17,
    "match": 79,
    "batting_score": 186,
    "batting_wickets": 10,
    "batting_overs": 30
  }
},
{
  "model": "tournament.teammatch",
  "pk": 159,
  "fields": {
    "team": 16,
    "match": 80,
    "batting_score": 257,
    "batting_wickets": 7,
    "batting_overs": 37
  }
},
{
  "model": "tournament.teammatch",
  "pk": 160,
  "fields": {
    "team": 12,
    "match": 80,
    "batting_score": 144,
    "batting_wickets": 1,
    "batting_overs": 45
  }
},
{
  "model": "tournament.teammatch",
  "pk": 161,
  "fields": {
    "team": 23,
    "match": 120,
    "batting_score": 187,
    "batting_wickets": 5,
    "batting_overs": 38
  }
},
{
  "model": "tournament.teammatch",
  "pk": 162,
  "fields": {
    "team": 24,
    "match": 120,
    "batting_score": 244,
    "batting_wickets": 0,
    "batting_overs": 34
  }
}
]
